AB691764,nucleocapsid,98.205,1170,21,0,25671,26840,1,1170,0.0,2016,4
AB691765,nucleocapsid,98.205,1170,21,0,25663,26832,1,1170,0.0,2016,4
AB691766,nucleocapsid,98.205,1170,21,0,25661,26830,1,1170,0.0,2016,4
AB691767,nucleocapsid,97.949,1170,24,0,25665,26834,1,1170,0.0,2003,4
AF304460,nucleocapsid,100.000,1170,0,0,25686,26855,1,1170,0.0,2111,4
AY775288,nucleocapsid,99.000,100,1,0,1,100,820,919,9.29e-49,177,100
CS123980,nucleocapsid,80.000,40,8,0,161,200,151,190,1.29e-06,37.4,19
CS123984,nucleocapsid,77.273,66,14,1,4,68,204,269,2.19e-10,49.1,92
DJ009218,nucleocapsid,80.000,40,8,0,161,200,151,190,1.29e-06,37.4,19
DJ009220,nucleocapsid,77.273,66,14,1,4,68,204,269,2.19e-10,49.1,92
DQ243939,nucleocapsid,100.000,1170,0,0,1,1170,1,1170,0.0,2111,100
DQ243940,nucleocapsid,99.145,1170,10,0,1,1170,1,1170,0.0,2066,100
DQ243941,nucleocapsid,98.632,1170,13,1,1,1167,1,1170,0.0,2037,100
DQ243942,nucleocapsid,99.145,1170,10,0,1,1170,1,1170,0.0,2066,100
DQ243943,nucleocapsid,98.803,1170,14,0,1,1170,1,1170,0.0,2048,100
DQ243944,nucleocapsid,98.547,1170,17,0,1,1170,1,1170,0.0,2034,100
DQ243945,nucleocapsid,99.145,1170,10,0,1,1170,1,1170,0.0,2066,100
DQ243946,nucleocapsid,99.145,1170,10,0,1,1170,1,1170,0.0,2066,100
DQ243947,nucleocapsid,98.974,1170,12,0,1,1170,1,1170,0.0,2057,100
DQ243948,nucleocapsid,98.376,1170,19,0,1,1170,1,1170,0.0,2025,100
DQ243949,nucleocapsid,98.376,1170,19,0,1,1170,1,1170,0.0,2025,100
DQ243950,nucleocapsid,98.205,1170,21,0,1,1170,1,1170,0.0,2016,100
DQ243951,nucleocapsid,98.376,1170,19,0,1,1170,1,1170,0.0,2025,100
DQ243952,nucleocapsid,98.205,1170,21,0,1,1170,1,1170,0.0,2016,100
DQ243953,nucleocapsid,98.120,1170,21,1,1,1169,1,1170,0.0,2008,100
DQ243954,nucleocapsid,98.120,1170,22,0,1,1170,1,1170,0.0,2012,100
DQ243955,nucleocapsid,98.120,1170,22,0,1,1170,1,1170,0.0,2012,100
DQ243956,nucleocapsid,98.034,1170,23,0,1,1170,1,1170,0.0,2007,100
DQ243957,nucleocapsid,98.120,1170,22,0,1,1170,1,1170,0.0,2012,100
DQ243958,nucleocapsid,98.205,1170,21,0,1,1170,1,1170,0.0,2016,100
DQ243959,nucleocapsid,98.120,1170,22,0,1,1170,1,1170,0.0,2012,100
DQ243960,nucleocapsid,98.205,1170,21,0,1,1170,1,1170,0.0,2016,100
DQ243961,nucleocapsid,98.034,1170,23,0,1,1170,1,1170,0.0,2007,100
DQ243962,nucleocapsid,97.863,1170,25,0,1,1170,1,1170,0.0,1998,100
J04419,nucleocapsid,98.889,1170,13,0,147,1316,1,1170,0.0,2052,69
JQ410000,nucleocapsid,86.717,1182,121,4,25689,26846,1,1170,0.0,1439,4
JX503060,nucleocapsid,97.778,1170,26,0,25698,26867,1,1170,0.0,1994,4
JX503061,nucleocapsid,97.863,1170,25,0,25659,26828,1,1170,0.0,1998,4
KF293662,nucleocapsid,99.864,736,1,0,1,736,435,1170,0.0,1324,69
KF293663,nucleocapsid,99.864,736,1,0,1,736,435,1170,0.0,1324,69
KF293664,nucleocapsid,100.000,1170,0,0,25394,26563,1,1170,0.0,2111,4
KF293665,nucleocapsid,100.000,1170,0,0,25394,26563,1,1170,0.0,2111,4
KF293666,nucleocapsid,99.915,1170,1,0,25394,26563,1,1170,0.0,2106,4
KF514429,nucleocapsid,98.291,1170,20,0,25648,26817,1,1170,0.0,2021,4
KF514430,nucleocapsid,98.376,1170,19,0,25648,26817,1,1170,0.0,2025,4
KF514431,nucleocapsid,98.291,1170,20,0,25624,26793,1,1170,0.0,2021,4
KF514432,nucleocapsid,98.376,1170,19,0,25627,26796,1,1170,0.0,2025,4
KF514433,nucleocapsid,98.291,1170,20,0,25648,26817,1,1170,0.0,2021,4
KM055501,nucleocapsid,97.863,1170,25,0,1,1170,1,1170,0.0,1998,100
KM055502,nucleocapsid,97.863,1170,25,0,1,1170,1,1170,0.0,1998,100
KM055503,nucleocapsid,97.863,1170,25,0,1,1170,1,1170,0.0,1998,100
KM055504,nucleocapsid,97.778,1170,26,0,1,1170,1,1170,0.0,1994,100
KM055505,nucleocapsid,97.692,1170,27,0,1,1170,1,1170,0.0,1989,100
KM055506,nucleocapsid,97.863,1170,25,0,1,1170,1,1170,0.0,1998,100
KM055507,nucleocapsid,97.607,1170,28,0,1,1170,1,1170,0.0,1984,100
KM055508,nucleocapsid,97.607,1170,28,0,1,1170,1,1170,0.0,1984,100
KM055509,nucleocapsid,97.692,1170,27,0,1,1170,1,1170,0.0,1989,100
KM055510,nucleocapsid,97.692,1170,27,0,1,1170,1,1170,0.0,1989,100
KM055511,nucleocapsid,97.692,1170,27,0,1,1170,1,1170,0.0,1989,100
KM055512,nucleocapsid,97.778,1170,26,0,1,1170,1,1170,0.0,1994,100
KM055513,nucleocapsid,97.692,1170,27,0,1,1170,1,1170,0.0,1989,100
KM055514,nucleocapsid,97.863,1170,25,0,1,1170,1,1170,0.0,1998,100
KM055515,nucleocapsid,97.863,1170,25,0,1,1170,1,1170,0.0,1998,100
KM055516,nucleocapsid,97.778,1170,26,0,1,1170,1,1170,0.0,1994,100
KM055517,nucleocapsid,97.863,1170,25,0,1,1170,1,1170,0.0,1998,100
KM055518,nucleocapsid,97.863,1170,25,0,1,1170,1,1170,0.0,1998,100
KM055519,nucleocapsid,97.949,1170,24,0,1,1170,1,1170,0.0,2003,100
KM055520,nucleocapsid,97.863,1170,25,0,1,1170,1,1170,0.0,1998,100
KM055521,nucleocapsid,97.863,1170,25,0,1,1170,1,1170,0.0,1998,100
KM055522,nucleocapsid,97.778,1170,26,0,1,1170,1,1170,0.0,1994,100
KM055523,nucleocapsid,98.205,1170,21,0,1,1170,1,1170,0.0,2016,100
KM055524,nucleocapsid,97.436,1170,30,0,1,1170,1,1170,0.0,1975,100
KM055525,nucleocapsid,97.692,1170,27,0,1,1170,1,1170,0.0,1989,100
KM055526,nucleocapsid,97.692,1170,27,0,1,1170,1,1170,0.0,1989,100
KM055527,nucleocapsid,97.692,1170,27,0,1,1170,1,1170,0.0,1989,100
KM055528,nucleocapsid,97.692,1170,27,0,1,1170,1,1170,0.0,1989,100
KM055529,nucleocapsid,97.692,1170,27,0,1,1170,1,1170,0.0,1989,100
KM055530,nucleocapsid,97.863,1170,25,0,1,1170,1,1170,0.0,1998,100
KT253269,nucleocapsid,88.721,1188,116,2,26288,27475,1,1170,0.0,1546,4
KT253270,nucleocapsid,88.805,1188,115,2,26282,27469,1,1170,0.0,1551,4
KT253271,nucleocapsid,78.826,1039,210,6,26890,27923,1,1034,0.0,865,4
KT253271,nucleocapsid,80.435,46,9,0,28020,28065,1125,1170,4.43e-06,43.7,4
KT253272,nucleocapsid,88.805,1188,112,3,26953,28137,1,1170,0.0,1549,4
KT253324,nucleocapsid,85.956,1182,121,5,25691,26839,1,1170,0.0,1402,4
KT253325,nucleocapsid,86.041,1182,120,5,25567,26715,1,1170,0.0,1407,4
KT253326,nucleocapsid,86.041,1182,120,5,25567,26715,1,1170,0.0,1407,4
KT253327,nucleocapsid,86.125,1182,119,5,25567,26715,1,1170,0.0,1411,4
KT253328,nucleocapsid,85.956,1182,121,5,25566,26714,1,1170,0.0,1402,4
KT359752,nucleocapsid,97.686,1167,27,0,14,1180,1,1167,0.0,1984,99
KT359753,nucleocapsid,97.686,1167,27,0,14,1180,1,1167,0.0,1984,99
KT359754,nucleocapsid,97.003,1168,33,2,14,1180,1,1167,0.0,1942,99
KT359755,nucleocapsid,97.686,1167,27,0,2,1168,1,1167,0.0,1984,99
KT359756,nucleocapsid,97.686,1167,27,0,14,1180,1,1167,0.0,1984,99
KT359757,nucleocapsid,97.686,1167,27,0,14,1180,1,1167,0.0,1984,99
KT359758,nucleocapsid,97.686,1167,27,0,14,1180,1,1167,0.0,1984,99
KT359759,nucleocapsid,97.515,1167,29,0,14,1180,1,1167,0.0,1975,99
KT359760,nucleocapsid,97.686,1167,27,0,14,1180,1,1167,0.0,1984,99
KT359761,nucleocapsid,97.686,1167,27,0,14,1180,1,1167,0.0,1984,99
KT359762,nucleocapsid,97.686,1167,27,0,2,1168,1,1167,0.0,1984,99
KT359763,nucleocapsid,97.686,1167,27,0,14,1180,1,1167,0.0,1984,99
KT359764,nucleocapsid,97.686,1167,27,0,14,1180,1,1167,0.0,1984,99
KT359765,nucleocapsid,97.686,1167,27,0,14,1180,1,1167,0.0,1984,99
KT359766,nucleocapsid,97.686,1167,27,0,14,1180,1,1167,0.0,1984,99
KT359767,nucleocapsid,97.601,1167,28,0,14,1180,1,1167,0.0,1979,99
KT359768,nucleocapsid,97.601,1167,28,0,2,1168,1,1167,0.0,1979,99
KT359769,nucleocapsid,97.515,1167,26,1,2,1165,1,1167,0.0,1973,99
KT368892,nucleocapsid,86.125,1182,119,5,25691,26839,1,1170,0.0,1411,4
KT368893,nucleocapsid,86.125,1182,119,5,25691,26839,1,1170,0.0,1411,4
KT368894,nucleocapsid,86.125,1182,119,5,25691,26839,1,1170,0.0,1411,4
KT368895,nucleocapsid,86.041,1182,120,5,25691,26839,1,1170,0.0,1407,4
KT368896,nucleocapsid,86.041,1182,120,5,25691,26839,1,1170,0.0,1407,4
KT368897,nucleocapsid,86.041,1182,120,5,25691,26839,1,1170,0.0,1407,4
KT368898,nucleocapsid,86.041,1182,120,5,25691,26839,1,1170,0.0,1407,4
KT368899,nucleocapsid,86.125,1182,119,5,25691,26839,1,1170,0.0,1411,4
KT368900,nucleocapsid,86.125,1182,119,5,25691,26839,1,1170,0.0,1413,4
KT368901,nucleocapsid,86.041,1182,120,5,25691,26839,1,1170,0.0,1408,4
KT368902,nucleocapsid,86.041,1182,120,5,25691,26839,1,1170,0.0,1407,4
KT368903,nucleocapsid,85.195,1182,118,6,25691,26827,1,1170,0.0,1368,4
KT368904,nucleocapsid,86.125,1182,119,5,25691,26839,1,1170,0.0,1411,4
KT368905,nucleocapsid,86.125,1182,119,5,25691,26839,1,1170,0.0,1411,4
KT368906,nucleocapsid,86.041,1182,120,5,25691,26839,1,1170,0.0,1407,4
KT368907,nucleocapsid,86.210,1182,118,5,25691,26839,1,1170,0.0,1416,4
KT368908,nucleocapsid,86.125,1182,119,5,25691,26839,1,1170,0.0,1411,4
KT368909,nucleocapsid,86.125,1182,119,5,25691,26839,1,1170,0.0,1411,4
KT368910,nucleocapsid,86.125,1182,119,5,25691,26839,1,1170,0.0,1411,4
KT368911,nucleocapsid,86.041,1182,120,5,25691,26839,1,1170,0.0,1407,4
KT368912,nucleocapsid,85.956,1182,121,5,25691,26839,1,1170,0.0,1402,4
KT368913,nucleocapsid,86.041,1182,120,5,25691,26839,1,1170,0.0,1407,4
KT368914,nucleocapsid,86.041,1182,120,5,25691,26839,1,1170,0.0,1407,4
KT368915,nucleocapsid,86.041,1182,120,5,25691,26839,1,1170,0.0,1407,4
KT368916,nucleocapsid,86.294,1182,117,5,25691,26839,1,1170,0.0,1420,4
KU291448,nucleocapsid,97.436,1170,30,0,25541,26710,1,1170,0.0,1975,4
KU291449,nucleocapsid,87.479,1182,112,4,25541,26698,1,1170,0.0,1480,4
KX255651,nucleocapsid,97.333,525,14,0,1,525,292,816,0.0,884,100
KX268229,nucleocapsid,97.416,658,17,0,1,658,215,872,0.0,1111,100
KY073747,nucleocapsid,74.538,1190,254,12,26223,27383,1,1170,0.0,771,4
KY073748,nucleocapsid,69.405,1059,286,13,26200,27245,1,1034,3.48e-121,425,4
KY369908,nucleocapsid,97.436,1170,30,0,25645,26814,1,1170,0.0,1975,4
KY369909,nucleocapsid,97.350,1170,31,0,25046,26215,1,1170,0.0,1971,4
KY369910,nucleocapsid,97.179,1170,33,0,25653,26822,1,1170,0.0,1962,4
KY369911,nucleocapsid,97.179,1170,33,0,25697,26866,1,1170,0.0,1962,4
KY369912,nucleocapsid,97.436,1170,30,0,25653,26822,1,1170,0.0,1975,4
KY369913,nucleocapsid,97.436,1170,30,0,25651,26820,1,1170,0.0,1975,4
KY369914,nucleocapsid,97.607,1170,28,0,25676,26845,1,1170,0.0,1984,4
KY621348,nucleocapsid,97.350,1170,31,0,25599,26768,1,1170,0.0,1971,4
KY674914,nucleocapsid,97.350,1170,31,0,25530,26699,1,1170,0.0,1971,4
KY674919,nucleocapsid,98.034,1170,23,0,25547,26716,1,1170,0.0,2007,4
KY684760,nucleocapsid,97.607,1170,28,0,25697,26866,1,1170,0.0,1984,4
KY967357,nucleocapsid,97.265,1170,32,0,25655,26824,1,1170,0.0,1966,4
KY983587,nucleocapsid,97.521,1170,29,0,25697,26866,1,1170,0.0,1980,4
KY996417,nucleocapsid,97.607,1170,28,0,25698,26867,1,1170,0.0,1984,4
LC005736,nucleocapsid,98.087,1098,21,0,1,1098,1,1098,0.0,1886,100
LC005737,nucleocapsid,97.905,1098,23,0,1,1098,1,1098,0.0,1877,100
LC005738,nucleocapsid,97.814,1098,24,0,1,1098,1,1098,0.0,1873,100
LC005739,nucleocapsid,97.814,1098,24,0,1,1098,1,1098,0.0,1873,100
LC005740,nucleocapsid,97.814,1098,24,0,1,1098,1,1098,0.0,1873,100
LC005741,nucleocapsid,97.814,1098,24,0,1,1098,1,1098,0.0,1873,100
LC543620,nucleocapsid,97.695,1041,24,0,1,1041,25,1065,0.0,1770,100
LC543621,nucleocapsid,97.662,1112,26,0,1,1112,25,1136,0.0,1889,99
LC654445,nucleocapsid,97.436,1170,30,0,25676,26845,1,1170,0.0,1975,4
LC654446,nucleocapsid,97.265,1170,32,0,25676,26845,1,1170,0.0,1966,4
MF542265,nucleocapsid,97.521,1170,29,0,25699,26868,1,1170,0.0,1980,4
MF593473,nucleocapsid,85.956,1182,121,5,25691,26839,1,1170,0.0,1404,4
MH828489,nucleocapsid,97.521,1170,29,0,25675,26844,1,1170,0.0,1980,4
MN306046,nucleocapsid,97.607,1170,28,0,25699,26868,1,1170,0.0,1984,4
MN369046,nucleocapsid,96.239,1170,26,2,25539,26690,1,1170,0.0,1920,4
MN488617,nucleocapsid,98.083,313,6,0,1,313,743,1055,2.39e-157,538,100
MN488618,nucleocapsid,97.679,948,22,0,1,948,204,1151,0.0,1611,100
MN488619,nucleocapsid,97.042,879,26,0,1,879,213,1091,0.0,1469,100
MN488624,nucleocapsid,97.772,1167,26,0,14,1180,1,1167,0.0,1988,99
MN488625,nucleocapsid,98.029,1167,23,0,14,1180,1,1167,0.0,2002,99
MN488626,nucleocapsid,97.858,1167,25,0,14,1180,1,1167,0.0,1993,99
MN488627,nucleocapsid,97.601,1167,28,0,14,1180,1,1167,0.0,1979,99
MT118677,nucleocapsid,97.521,1170,29,0,25697,26866,1,1170,0.0,1980,4
MT438696,nucleocapsid,97.436,1170,30,0,25667,26836,1,1170,0.0,1975,4
MT438697,nucleocapsid,97.521,1170,29,0,25675,26844,1,1170,0.0,1980,4
MT438698,nucleocapsid,97.521,1170,29,0,25667,26836,1,1170,0.0,1980,4
MT438699,nucleocapsid,97.521,1170,29,0,25666,26835,1,1170,0.0,1980,4
MT438700,nucleocapsid,97.436,1170,30,0,25679,26848,1,1170,0.0,1975,4
MT492212,nucleocapsid,97.436,546,14,0,1,546,277,822,0.0,922,100
MT492213,nucleocapsid,97.436,546,14,0,1,546,277,822,0.0,922,100
MT492214,nucleocapsid,96.703,546,18,0,1,546,277,822,0.0,904,100
MT492215,nucleocapsid,97.619,546,13,0,1,546,277,822,0.0,927,100
MT492216,nucleocapsid,97.619,546,13,0,1,546,277,822,0.0,927,100
MT492217,nucleocapsid,97.619,546,13,0,1,546,277,822,0.0,927,100
MT492218,nucleocapsid,97.619,546,13,0,1,546,277,822,0.0,927,100
MT492219,nucleocapsid,97.619,546,13,0,1,546,277,822,0.0,927,100
MT492220,nucleocapsid,97.619,546,13,0,1,546,277,822,0.0,927,100
MT492221,nucleocapsid,97.436,546,14,0,1,546,277,822,0.0,922,100
MT492222,nucleocapsid,97.619,546,13,0,1,546,277,822,0.0,927,100
MT797634,nucleocapsid,97.521,1170,29,0,25697,26866,1,1170,0.0,1980,4
MT797717,nucleocapsid,97.949,1170,24,0,1,1170,1,1170,0.0,2003,100
MT797718,nucleocapsid,98.205,1170,21,0,1,1170,1,1170,0.0,2016,100
MT797719,nucleocapsid,98.034,1170,23,0,1,1170,1,1170,0.0,2007,100
MT797720,nucleocapsid,98.205,1170,21,0,1,1170,1,1170,0.0,2016,100
MT797721,nucleocapsid,98.120,1170,22,0,1,1170,1,1170,0.0,2012,100
MT797722,nucleocapsid,97.692,1170,27,0,1,1170,1,1170,0.0,1989,100
MT797723,nucleocapsid,97.778,1170,26,0,1,1170,1,1170,0.0,1994,100
MT797724,nucleocapsid,97.692,1170,27,0,1,1170,1,1170,0.0,1989,100
MT797725,nucleocapsid,97.692,1170,27,0,1,1170,1,1170,0.0,1989,100
MT797726,nucleocapsid,97.949,1170,24,0,1,1170,1,1170,0.0,2003,100
MT797727,nucleocapsid,97.778,1170,26,0,1,1170,1,1170,0.0,1994,100
MT797728,nucleocapsid,97.692,1170,27,0,1,1170,1,1170,0.0,1989,100
MT797729,nucleocapsid,97.949,1170,24,0,1,1170,1,1170,0.0,2003,100
MT797730,nucleocapsid,97.863,1170,25,0,1,1170,1,1170,0.0,1998,100
MT797731,nucleocapsid,97.949,1170,24,0,1,1170,1,1170,0.0,2003,100
MT797732,nucleocapsid,97.949,1170,24,0,1,1170,1,1170,0.0,2003,100
MT797733,nucleocapsid,97.863,1170,25,0,1,1170,1,1170,0.0,1998,100
MT797734,nucleocapsid,97.863,1170,25,0,1,1170,1,1170,0.0,1998,100
MT797735,nucleocapsid,97.949,1170,24,0,1,1170,1,1170,0.0,2003,100
MT797736,nucleocapsid,97.863,1170,25,0,1,1170,1,1170,0.0,1998,100
MT797737,nucleocapsid,97.949,1170,24,0,1,1170,1,1170,0.0,2003,100
MT797738,nucleocapsid,97.863,1170,25,0,1,1170,1,1170,0.0,1998,100
MT797739,nucleocapsid,97.949,1170,24,0,1,1170,1,1170,0.0,2003,100
MT797740,nucleocapsid,97.778,1170,26,0,1,1170,1,1170,0.0,1994,100
MT797741,nucleocapsid,97.692,1170,27,0,1,1170,1,1170,0.0,1989,100
MT797742,nucleocapsid,97.863,1170,25,0,1,1170,1,1170,0.0,1998,100
MT797743,nucleocapsid,97.949,1170,24,0,1,1170,1,1170,0.0,2003,100
MT797744,nucleocapsid,97.949,1170,24,0,1,1170,1,1170,0.0,2003,100
MT797745,nucleocapsid,97.692,1170,27,0,1,1170,1,1170,0.0,1989,100
MT797746,nucleocapsid,97.778,1170,26,0,1,1170,1,1170,0.0,1994,100
MT797747,nucleocapsid,97.863,1170,25,0,1,1170,1,1170,0.0,1998,100
MT797748,nucleocapsid,97.692,1170,27,0,1,1170,1,1170,0.0,1989,100
MT797749,nucleocapsid,97.692,1170,27,0,1,1170,1,1170,0.0,1989,100
MT797750,nucleocapsid,97.778,1170,26,0,1,1170,1,1170,0.0,1994,100
MT797751,nucleocapsid,97.692,1170,27,0,1,1170,1,1170,0.0,1989,100
MT797752,nucleocapsid,97.521,1170,29,0,1,1170,1,1170,0.0,1980,100
MT797753,nucleocapsid,97.692,1170,27,0,1,1170,1,1170,0.0,1989,100
MT797754,nucleocapsid,97.607,1170,28,0,1,1170,1,1170,0.0,1984,100
MT797755,nucleocapsid,97.521,1170,29,0,1,1170,1,1170,0.0,1980,100
MT797756,nucleocapsid,97.778,1170,26,0,1,1170,1,1170,0.0,1994,100
MT797757,nucleocapsid,97.778,1170,26,0,1,1170,1,1170,0.0,1994,100
MW039392,nucleocapsid,97.094,1170,34,0,25238,26407,1,1170,0.0,1957,4
MW202340,nucleocapsid,97.179,1170,33,0,25687,26856,1,1170,0.0,1962,4
MW532103,nucleocapsid,97.607,1170,28,0,25693,26862,1,1170,0.0,1984,4
MW532104,nucleocapsid,97.521,1170,29,0,25693,26862,1,1170,0.0,1980,4
MW532105,nucleocapsid,97.607,1170,28,0,25693,26862,1,1170,0.0,1984,4
MW532106,nucleocapsid,97.778,1170,26,0,25693,26862,1,1170,0.0,1994,4
MW532107,nucleocapsid,97.949,1170,24,0,25690,26859,1,1170,0.0,2003,4
MW587035,nucleocapsid,97.778,1170,26,0,25627,26796,1,1170,0.0,1994,4
MW587036,nucleocapsid,94.359,1170,66,0,25543,26712,1,1170,0.0,1847,4
MW587037,nucleocapsid,97.607,1170,28,0,25703,26872,1,1170,0.0,1984,4
MW587038,nucleocapsid,97.607,1170,28,0,25615,26784,1,1170,0.0,1984,4
MW800646,nucleocapsid,97.607,1170,28,0,25565,26734,1,1170,0.0,1984,4
MZ712010,nucleocapsid,100.000,1170,0,0,25640,26809,1,1170,0.0,2111,4
NC_002645,nucleocapsid,100.000,1170,0,0,25686,26855,1,1170,0.0,2111,4
NC_028752,nucleocapsid,86.210,1182,118,5,25691,26839,1,1170,0.0,1416,4
OK073077,nucleocapsid,97.436,1170,30,0,25697,26866,1,1170,0.0,1975,4
OK073078,nucleocapsid,97.607,1170,28,0,25641,26810,1,1170,0.0,1984,4
OK073079,nucleocapsid,97.607,1170,28,0,25697,26866,1,1170,0.0,1984,4
OK073080,nucleocapsid,97.607,1170,28,0,25626,26795,1,1170,0.0,1984,4
OK073081,nucleocapsid,97.521,1170,29,0,25697,26866,1,1170,0.0,1980,4
OK073082,nucleocapsid,97.607,1170,28,0,25691,26860,1,1170,0.0,1984,4
OK073083,nucleocapsid,97.521,1170,29,0,25697,26866,1,1170,0.0,1980,4
OK073084,nucleocapsid,97.607,1170,28,0,25652,26821,1,1170,0.0,1984,4
OK625404,nucleocapsid,100.000,1170,0,0,25639,26808,1,1170,0.0,2111,4
OK662398,nucleocapsid,100.000,1170,0,0,25686,26855,1,1170,0.0,2111,4
ON461751,nucleocapsid,97.607,1170,28,0,25662,26831,1,1170,0.0,1984,4
ON461752,nucleocapsid,97.179,1170,33,0,25672,26841,1,1170,0.0,1962,4
ON461753,nucleocapsid,97.179,1170,33,0,25685,26854,1,1170,0.0,1962,4
ON461754,nucleocapsid,97.009,1170,35,0,25680,26849,1,1170,0.0,1953,4
ON554097,nucleocapsid,97.692,1170,27,0,25694,26863,1,1170,0.0,1989,4
ON554098,nucleocapsid,97.607,1170,28,0,25676,26845,1,1170,0.0,1984,4
ON554099,nucleocapsid,97.607,1170,28,0,25671,26840,1,1170,0.0,1984,4
ON554100,nucleocapsid,97.692,1170,27,0,25636,26805,1,1170,0.0,1989,4
ON554101,nucleocapsid,97.607,1170,28,0,25667,26836,1,1170,0.0,1984,4
ON554102,nucleocapsid,97.692,1170,27,0,25665,26834,1,1170,0.0,1989,4
ON554103,nucleocapsid,97.692,1170,27,0,25709,26878,1,1170,0.0,1989,4
ON554104,nucleocapsid,97.607,1170,28,0,25524,26693,1,1170,0.0,1984,4
ON554105,nucleocapsid,97.607,1170,28,0,25656,26825,1,1170,0.0,1984,4
ON554106,nucleocapsid,97.692,1170,27,0,25672,26841,1,1170,0.0,1989,4
ON554107,nucleocapsid,97.692,1170,27,0,25689,26858,1,1170,0.0,1989,4
ON554108,nucleocapsid,97.521,1170,29,0,25688,26857,1,1170,0.0,1980,4
ON554109,nucleocapsid,97.607,1170,28,0,25688,26857,1,1170,0.0,1984,4
ON554110,nucleocapsid,97.607,1170,28,0,25678,26847,1,1170,0.0,1984,4
ON554111,nucleocapsid,97.607,1170,28,0,25716,26885,1,1170,0.0,1984,4
ON554111,nucleocapsid,100.000,23,0,0,1,23,988,1010,4.20e-06,42.8,4
ON554112,nucleocapsid,97.692,1170,27,0,25670,26839,1,1170,0.0,1989,4
ON554113,nucleocapsid,97.521,1170,29,0,25686,26855,1,1170,0.0,1980,4
ON554114,nucleocapsid,97.692,1170,27,0,25693,26862,1,1170,0.0,1989,4
ON554115,nucleocapsid,97.607,1170,28,0,25685,26854,1,1170,0.0,1984,4
ON554116,nucleocapsid,97.607,1170,28,0,25677,26846,1,1170,0.0,1984,4
ON554117,nucleocapsid,97.607,1170,28,0,25693,26862,1,1170,0.0,1984,4
ON554118,nucleocapsid,97.265,1170,32,0,25688,26857,1,1170,0.0,1966,4
ON554119,nucleocapsid,97.607,1170,28,0,25669,26838,1,1170,0.0,1984,4
ON554120,nucleocapsid,97.607,1170,28,0,25670,26839,1,1170,0.0,1984,4
ON554121,nucleocapsid,97.778,1170,26,0,25695,26864,1,1170,0.0,1994,4
ON554122,nucleocapsid,97.692,1170,27,0,25672,26841,1,1170,0.0,1989,4
ON554123,nucleocapsid,97.692,1170,27,0,25685,26854,1,1170,0.0,1989,4
ON554124,nucleocapsid,97.692,1170,27,0,25690,26859,1,1170,0.0,1989,4
ON554125,nucleocapsid,97.607,1170,28,0,25675,26844,1,1170,0.0,1984,4
ON554126,nucleocapsid,97.607,1170,28,0,25676,26845,1,1170,0.0,1984,4
ON554127,nucleocapsid,97.607,1170,28,0,25687,26856,1,1170,0.0,1984,4
ON554128,nucleocapsid,97.607,1170,28,0,25695,26864,1,1170,0.0,1984,4
ON554129,nucleocapsid,97.607,1170,28,0,25678,26847,1,1170,0.0,1984,4
ON554130,nucleocapsid,97.778,1170,26,0,25673,26842,1,1170,0.0,1994,4
ON554131,nucleocapsid,97.607,1170,28,0,25670,26839,1,1170,0.0,1984,4
ON554132,nucleocapsid,97.094,1170,34,0,25686,26855,1,1170,0.0,1957,4
ON554133,nucleocapsid,97.265,1170,32,0,25687,26856,1,1170,0.0,1966,4
ON554134,nucleocapsid,97.521,1170,29,0,25688,26857,1,1170,0.0,1980,4
ON554135,nucleocapsid,97.436,1170,30,0,25694,26863,1,1170,0.0,1975,4
ON554136,nucleocapsid,97.265,1170,32,0,25695,26864,1,1170,0.0,1966,4
ON554137,nucleocapsid,97.436,1170,30,0,25694,26863,1,1170,0.0,1975,4
ON554138,nucleocapsid,97.265,1170,32,0,25688,26857,1,1170,0.0,1966,4
ON554139,nucleocapsid,97.521,1170,29,0,25688,26857,1,1170,0.0,1980,4
ON729316,nucleocapsid,97.607,1170,28,0,25664,26833,1,1170,0.0,1984,4
ON791801,nucleocapsid,97.521,1170,29,0,25697,26866,1,1170,0.0,1980,4
OQ920097,nucleocapsid,97.692,1170,27,0,22286,23455,1,1170,0.0,1989,5
OQ920098,nucleocapsid,97.692,1170,27,0,25362,26531,1,1170,0.0,1989,4
OQ920099,nucleocapsid,97.692,1170,27,0,25686,26855,1,1170,0.0,1989,4
OQ920100,nucleocapsid,97.521,1170,29,0,22445,23614,1,1170,0.0,1980,5
OQ920101,nucleocapsid,100.000,1170,0,0,23215,24384,1,1170,0.0,2111,5
OR266946,nucleocapsid,97.521,1170,29,0,25664,26833,1,1170,0.0,1980,4
OR266950,nucleocapsid,97.350,1170,31,0,25653,26822,1,1170,0.0,1971,4
OR266951,nucleocapsid,97.265,1170,32,0,25655,26824,1,1170,0.0,1966,4
OR266952,nucleocapsid,97.521,1170,29,0,25694,26863,1,1170,0.0,1980,4
OR909070,nucleocapsid,97.094,1170,34,0,25603,26772,1,1170,0.0,1957,4
OY757580,nucleocapsid,96.752,1170,35,1,25693,26859,1,1170,0.0,1938,4
OY757683,nucleocapsid,96.752,1170,35,1,25684,26850,1,1170,0.0,1938,4
OY757725,nucleocapsid,96.752,1170,35,1,25696,26862,1,1170,0.0,1938,4
OZ030004,nucleocapsid,97.521,1170,29,0,25675,26844,1,1170,0.0,1980,4
OZ035231,nucleocapsid,97.949,1170,24,0,25686,26855,1,1170,0.0,2024,4
OZ035234,nucleocapsid,100.000,1170,0,0,25686,26855,1,1170,0.0,2111,4
OZ035237,nucleocapsid,100.000,1170,0,0,25682,26851,1,1170,0.0,2111,4
OZ035238,nucleocapsid,100.000,1170,0,0,25686,26855,1,1170,0.0,2111,4
OZ035239,nucleocapsid,100.000,1170,0,0,25686,26855,1,1170,0.0,2111,4
OZ035240,nucleocapsid,100.000,1170,0,0,25686,26855,1,1170,0.0,2111,4
OZ035241,nucleocapsid,100.000,1170,0,0,25686,26855,1,1170,0.0,2111,4
OZ035243,nucleocapsid,100.000,1170,0,0,25686,26855,1,1170,0.0,2111,4
OZ035244,nucleocapsid,100.000,1170,0,0,25686,26855,1,1170,0.0,2111,4
OZ035249,nucleocapsid,84.794,388,59,0,26395,26782,714,1101,3.43e-140,488,2
OZ035249,nucleocapsid,95.652,23,1,0,25817,25839,136,158,5.12e-05,40.1,2
OZ035250,nucleocapsid,100.000,1170,0,0,25686,26855,1,1170,0.0,2111,4
OZ035254,nucleocapsid,100.000,1170,0,0,25686,26855,1,1170,0.0,2111,4
OZ035256,nucleocapsid,100.000,1170,0,0,25686,26855,1,1170,0.0,2111,4
OZ035258,nucleocapsid,100.000,1170,0,0,25686,26855,1,1170,0.0,2111,4
OZ035259,nucleocapsid,100.000,1170,0,0,25682,26851,1,1170,0.0,2111,4
OZ211333,nucleocapsid,97.436,1170,30,0,25688,26857,1,1170,0.0,1975,4
OZ211378,nucleocapsid,97.179,1170,33,0,25686,26855,1,1170,0.0,1962,4
PP187313,nucleocapsid,97.350,1170,31,0,25659,26828,1,1170,0.0,1971,4
PP810610,nucleocapsid,100.000,1170,0,0,25611,26780,1,1170,0.0,2111,4
PP952203,nucleocapsid,86.041,1182,120,5,25679,26827,1,1170,0.0,1407,4
PP952204,nucleocapsid,86.041,1182,120,5,25677,26825,1,1170,0.0,1407,4
PP952205,nucleocapsid,86.125,1182,119,5,25676,26824,1,1170,0.0,1411,4
PP952206,nucleocapsid,86.289,1094,114,4,25634,26703,1,1082,0.0,1312,4
PP952207,nucleocapsid,85.871,1182,122,5,25634,26782,1,1170,0.0,1399,4
PP952208,nucleocapsid,86.041,1182,120,5,25616,26764,1,1170,0.0,1407,4
PP952209,nucleocapsid,86.041,1182,120,5,25634,26782,1,1170,0.0,1407,4
PQ037244,nucleocapsid,97.094,1170,34,0,25697,26866,1,1170,0.0,1957,4
PQ037245,nucleocapsid,97.094,1170,34,0,25697,26866,1,1170,0.0,1957,4
PQ037246,nucleocapsid,97.265,1170,32,0,25672,26841,1,1170,0.0,1966,4
PQ037247,nucleocapsid,97.265,1170,32,0,25673,26842,1,1170,0.0,1966,4
PQ187609,nucleocapsid,97.607,1170,28,0,25689,26858,1,1170,0.0,1984,4
PQ187610,nucleocapsid,97.778,1170,26,0,25689,26858,1,1170,0.0,1994,4
PQ187611,nucleocapsid,97.692,1170,27,0,25697,26866,1,1170,0.0,1989,4
PQ187612,nucleocapsid,97.692,1170,27,0,25688,26857,1,1170,0.0,1989,4
PQ187613,nucleocapsid,97.692,1170,27,0,25696,26865,1,1170,0.0,1989,4
PQ187614,nucleocapsid,97.692,1170,27,0,25697,26866,1,1170,0.0,1989,4
PQ187615,nucleocapsid,97.607,1170,28,0,25690,26859,1,1170,0.0,1984,4
PQ187616,nucleocapsid,97.607,1170,28,0,25689,26858,1,1170,0.0,1984,4
PQ243243,nucleocapsid,100.000,1170,0,0,25686,26855,1,1170,0.0,2111,4
PQ449607,nucleocapsid,97.653,980,23,0,25381,26360,1,980,0.0,1664,4
PQ466789,nucleocapsid,97.265,1170,32,0,25381,26550,1,1170,0.0,1966,4
PQ466790,nucleocapsid,97.436,1170,30,0,25381,26550,1,1170,0.0,1975,4
PQ466791,nucleocapsid,97.350,1170,31,0,25381,26550,1,1170,0.0,1971,4
PQ466792,nucleocapsid,97.436,1170,30,0,25381,26550,1,1170,0.0,1975,4
PQ466793,nucleocapsid,97.607,1170,28,0,25342,26511,1,1170,0.0,1984,4
PQ466794,nucleocapsid,97.436,1170,30,0,25381,26550,1,1170,0.0,1975,4
PQ466795,nucleocapsid,97.436,1170,30,0,25381,26550,1,1170,0.0,1975,4
PQ466796,nucleocapsid,97.521,1170,29,0,25381,26550,1,1170,0.0,1980,4
PQ466797,nucleocapsid,97.436,1170,30,0,25381,26550,1,1170,0.0,1975,4
PQ466798,nucleocapsid,97.607,1170,28,0,25381,26550,1,1170,0.0,1984,4
PQ466799,nucleocapsid,97.436,1170,30,0,25381,26550,1,1170,0.0,1975,4
PQ466800,nucleocapsid,97.436,1170,30,0,25381,26550,1,1170,0.0,1975,4
PQ466801,nucleocapsid,97.521,1170,29,0,25381,26550,1,1170,0.0,1980,4
PQ466802,nucleocapsid,97.521,1170,29,0,25381,26550,1,1170,0.0,1980,4
PQ466803,nucleocapsid,97.521,1170,29,0,25381,26550,1,1170,0.0,1980,4
PQ466804,nucleocapsid,97.607,1170,28,0,25381,26550,1,1170,0.0,1984,4
PQ466805,nucleocapsid,97.436,1170,30,0,25381,26550,1,1170,0.0,1975,4
PQ466806,nucleocapsid,97.265,1170,32,0,25366,26535,1,1170,0.0,1966,4
PQ466807,nucleocapsid,97.436,1170,30,0,25381,26550,1,1170,0.0,1975,4
PQ466808,nucleocapsid,97.436,1170,30,0,25381,26550,1,1170,0.0,1975,4
PQ466809,nucleocapsid,97.436,1170,30,0,25381,26550,1,1170,0.0,1975,4
PQ466810,nucleocapsid,97.607,1170,28,0,25381,26550,1,1170,0.0,1984,4
PQ466811,nucleocapsid,97.436,1170,30,0,25381,26550,1,1170,0.0,1975,4
PQ466812,nucleocapsid,97.521,1170,29,0,25381,26550,1,1170,0.0,1980,4
PQ466813,nucleocapsid,97.692,1170,27,0,25381,26550,1,1170,0.0,1989,4
PQ466814,nucleocapsid,97.607,1170,28,0,25381,26550,1,1170,0.0,1984,4
PQ466815,nucleocapsid,97.521,1170,29,0,25378,26547,1,1170,0.0,1980,4
PQ466816,nucleocapsid,97.521,1170,29,0,25381,26550,1,1170,0.0,1980,4
PQ466817,nucleocapsid,97.521,1170,29,0,25381,26550,1,1170,0.0,1980,4
PQ466818,nucleocapsid,97.350,1170,31,0,25381,26550,1,1170,0.0,1971,4
PQ466819,nucleocapsid,97.521,1170,29,0,25381,26550,1,1170,0.0,1980,4
PQ466820,nucleocapsid,97.350,1170,31,0,25381,26550,1,1170,0.0,1971,4
PQ466821,nucleocapsid,97.607,1170,28,0,25381,26550,1,1170,0.0,1984,4
PQ466822,nucleocapsid,97.607,1170,28,0,25381,26550,1,1170,0.0,1984,4
PQ466823,nucleocapsid,97.521,1170,29,0,25381,26550,1,1170,0.0,1980,4
PQ466824,nucleocapsid,97.607,1170,28,0,25381,26550,1,1170,0.0,1984,4
PQ466825,nucleocapsid,97.436,1170,30,0,25381,26550,1,1170,0.0,1975,4
PQ466826,nucleocapsid,97.521,1170,29,0,25381,26550,1,1170,0.0,1980,4
PQ466827,nucleocapsid,97.436,1170,30,0,25372,26541,1,1170,0.0,1975,4
PQ466828,nucleocapsid,97.436,1170,30,0,25378,26547,1,1170,0.0,1975,4
PQ466829,nucleocapsid,97.521,1170,29,0,25381,26550,1,1170,0.0,1980,4
PQ466830,nucleocapsid,97.521,1170,29,0,25381,26550,1,1170,0.0,1980,4
PQ466831,nucleocapsid,97.449,980,25,0,25381,26360,1,980,0.0,1655,4
PQ466832,nucleocapsid,97.551,980,24,0,25381,26360,1,980,0.0,1660,4
PQ466833,nucleocapsid,97.436,1170,30,0,25381,26550,1,1170,0.0,1975,4
PQ466834,nucleocapsid,97.265,1170,32,0,25381,26550,1,1170,0.0,1966,4
PQ466835,nucleocapsid,97.436,1170,30,0,25381,26550,1,1170,0.0,1975,4
PQ466836,nucleocapsid,97.350,1170,31,0,25381,26550,1,1170,0.0,1971,4
PQ466837,nucleocapsid,97.449,980,25,0,25381,26360,1,980,0.0,1655,4
PQ466838,nucleocapsid,97.436,1170,30,0,25381,26550,1,1170,0.0,1975,4
PQ466839,nucleocapsid,97.521,1170,29,0,25381,26550,1,1170,0.0,1980,4
PQ466840,nucleocapsid,97.521,1170,29,0,25381,26550,1,1170,0.0,1980,4
PQ466841,nucleocapsid,97.436,1170,30,0,25381,26550,1,1170,0.0,1975,4
PQ466842,nucleocapsid,97.607,1170,28,0,25381,26550,1,1170,0.0,1984,4
PQ466843,nucleocapsid,97.521,1170,29,0,25381,26550,1,1170,0.0,1980,4
PQ466844,nucleocapsid,97.179,1170,33,0,25381,26550,1,1170,0.0,1962,4
PQ466845,nucleocapsid,97.607,1170,28,0,25381,26550,1,1170,0.0,1984,4
PQ466846,nucleocapsid,97.350,1170,31,0,25381,26550,1,1170,0.0,1971,4
PQ466847,nucleocapsid,97.607,1170,28,0,25381,26550,1,1170,0.0,1984,4
PQ466848,nucleocapsid,97.607,1170,28,0,25381,26550,1,1170,0.0,1984,4
PQ466849,nucleocapsid,97.350,1170,31,0,25381,26550,1,1170,0.0,1971,4
PQ466850,nucleocapsid,97.094,1170,34,0,25381,26550,1,1170,0.0,1957,4
PQ466851,nucleocapsid,97.265,1170,32,0,25381,26550,1,1170,0.0,1966,4
PQ466852,nucleocapsid,97.660,983,23,0,25381,26363,1,983,0.0,1670,4
PQ466853,nucleocapsid,97.436,1170,30,0,25381,26550,1,1170,0.0,1975,4
PQ466854,nucleocapsid,97.094,1170,34,0,25381,26550,1,1170,0.0,1957,4
PQ466855,nucleocapsid,97.009,1170,29,1,25381,26544,1,1170,0.0,1954,4
PQ466856,nucleocapsid,97.457,983,25,0,25378,26360,1,983,0.0,1661,4
PQ466857,nucleocapsid,97.521,1170,29,0,25381,26550,1,1170,0.0,1980,4
PQ616070,nucleocapsid,97.350,1170,31,0,25658,26827,1,1170,0.0,1971,4
PQ616071,nucleocapsid,97.350,1170,31,0,25694,26863,1,1170,0.0,1971,4
PQ616072,nucleocapsid,97.436,1170,30,0,25657,26826,1,1170,0.0,1975,4
PQ616073,nucleocapsid,97.521,1170,29,0,25700,26869,1,1170,0.0,1980,4
PQ616075,nucleocapsid,97.521,1170,29,0,25636,26805,1,1170,0.0,1980,4
PQ616076,nucleocapsid,97.436,1170,30,0,25658,26827,1,1170,0.0,1975,4
PQ616077,nucleocapsid,97.521,1170,29,0,25634,26803,1,1170,0.0,1980,4
PQ616078,nucleocapsid,97.265,1170,32,0,25655,26824,1,1170,0.0,1966,4
PQ616079,nucleocapsid,97.521,1170,29,0,25694,26863,1,1170,0.0,1980,4
PQ616080,nucleocapsid,97.521,1170,29,0,25632,26801,1,1170,0.0,1980,4
PQ616081,nucleocapsid,97.350,1170,31,0,25636,26805,1,1170,0.0,1971,4
PQ616082,nucleocapsid,99.829,1170,2,0,25688,26857,1,1170,0.0,2102,4
PQ616083,nucleocapsid,97.350,1170,31,0,25652,26821,1,1170,0.0,1971,4
PQ616084,nucleocapsid,97.265,1170,32,0,25697,26866,1,1170,0.0,1966,4
PQ616085,nucleocapsid,97.607,1170,28,0,25697,26866,1,1170,0.0,1984,4
PQ616087,nucleocapsid,97.350,1170,31,0,25670,26839,1,1170,0.0,1971,4
PQ616088,nucleocapsid,97.350,1170,31,0,25653,26822,1,1170,0.0,1971,4
PQ616089,nucleocapsid,97.778,1170,26,0,25652,26821,1,1170,0.0,1994,4
PQ616091,nucleocapsid,97.350,1170,31,0,25670,26839,1,1170,0.0,1971,4
PQ616092,nucleocapsid,97.350,1170,31,0,25652,26821,1,1170,0.0,1971,4
PQ616095,nucleocapsid,95.733,375,16,0,25128,25502,399,773,4.82e-176,608,2
PQ616095,nucleocapsid,99.324,148,1,0,24730,24877,1,148,2.35e-72,263,2
PQ616095,nucleocapsid,96.591,88,3,0,25804,25891,1075,1162,4.55e-37,146,2
PQ616096,nucleocapsid,97.521,1170,29,0,24730,25899,1,1170,0.0,1980,4
PQ616097,nucleocapsid,93.077,1170,81,0,25670,26839,1,1170,0.0,1792,4
PQ616099,nucleocapsid,97.436,1170,30,0,25644,26813,1,1170,0.0,1975,4
PQ616100,nucleocapsid,97.521,1170,29,0,25655,26824,1,1170,0.0,1980,4
PQ616101,nucleocapsid,97.350,1170,31,0,23788,24957,1,1170,0.0,1973,5
PQ616104,nucleocapsid,97.265,1170,32,0,25653,26822,1,1170,0.0,1966,4
PQ616105,nucleocapsid,97.179,1170,33,0,25659,26828,1,1170,0.0,1962,4
PQ616107,nucleocapsid,88.114,875,104,0,25654,26528,1,875,0.0,1193,3
PQ616108,nucleocapsid,97.179,1170,33,0,25670,26839,1,1170,0.0,1962,4
PQ616109,nucleocapsid,97.254,437,12,0,25654,26090,1,437,0.0,738,3
PQ616109,nucleocapsid,90.789,456,42,0,26158,26613,505,960,0.0,663,3
PQ616109,nucleocapsid,96.774,31,1,0,26793,26823,1140,1170,8.07e-09,52.7,3
PQ616111,nucleocapsid,97.179,1170,33,0,25357,26526,1,1170,0.0,1962,4
PQ616112,nucleocapsid,97.068,955,28,0,24945,25899,216,1170,0.0,1597,4
PQ616112,nucleocapsid,98.693,153,2,0,24730,24882,1,153,5.57e-74,268,4
PQ963848,nucleocapsid,96.325,1170,43,0,25652,26821,1,1170,0.0,1929,4
PQ963849,nucleocapsid,97.521,1170,29,0,25670,26839,1,1170,0.0,1980,4
PQ963850,nucleocapsid,97.350,1170,31,0,24730,25899,1,1170,0.0,1971,4
PQ963851,nucleocapsid,97.521,1170,29,0,25671,26840,1,1170,0.0,1980,4
PQ963852,nucleocapsid,96.845,951,30,0,25218,26168,220,1170,0.0,1581,4
PQ963852,nucleocapsid,99.324,148,1,0,24999,25146,1,148,2.39e-72,263,4
X51325,nucleocapsid,100.000,1170,0,0,66,1235,1,1170,0.0,2111,74
